save_as_filename,url
Mogahed-Low-BMD-GSDIII.pdf,raw sources/publications_gsd.json
Publications-GSD-Corpus.pdf,raw sources/publications_gsd.json
Agarwala-2025-CGM-Personalized-Management.pdf,https://doi.org/10.1002/jpn3.12391
Alibrahimi-2025-Avascular-Necrosis-Case-Report.pdf,https://doi.org/10.1093/omcr/omaf145
Amato-2000-Acid-Maltase-Deficiency-Related-Myopathies-Review.pdf,https://doi.org/10.1016/s0733-8619(05)70182-1
Angaroni-2010-Biotinidase-Long-Term-Variability.pdf,https://doi.org/10.1007/s10545-010-9139-x
Angelini-2015-Metabolic-Myopathies-Spectrum-Review.pdf,https://doi.org/10.1016/j.bbadis.2014.06.031
Anwar-2015-Tailored-Cornstarch-Dosing-Improves-Growth.pdf,https://doi.org/10.1515/jpem-2014-0145
Artan-2012-Ten-Turkish-Patients-Four-Novel-Mutations.pdf,https://doi.org/10.4274/tpa.838
Austin-2010-AGL-Mutation-Analysis-25-Novel.pdf,https://doi.org/10.1097/GIM.0b013e3181d94eaa
Austin-2010-Electrodiagnostic-Characteristics.pdf,https://doi.org/10.1097/GIM.0b013e3181cd735b
Austin-2022-Biotinidase-Activity-Monitoring-Marker.pdf,https://doi.org/10.1016/j.ymgmr.2022.100856
Baig-1997-Comparison-Functional-Significance-Left-Ventricular.pdf,https://doi.org/10.1016/s0002-9149(96)00885-5
Bali-2007-Curly-Coated-Retriever-AGL-Mutation.pdf,https://doi.org/10.1892/0891-6640(2007)21[40:gsdtii]2.0.co;2
Bali-2013-Alglucosidase-Alfa-Repurposed-Therapy.pdf,https://doi.org/10.1016/j.ymgme.2012.12.002
Balistreri-1990-Efficacy-Cornstarch-Therapy-Glycogen-storage.pdf,https://doi.org/10.1093/ajcn/52.4.671
Ballarin-2000-Hepatocellular-Carcinoma-Complicating-Liver-Cirrhosis.pdf,https://doi.org/10.1097/00004836-200007000-00020
Bao-1997-Nonsense-Mutation-Due-Single-Base.pdf,https://doi.org/10.1002/(SICI)1098-1004(1997)9:1<37::AID-HUMU6>3.0.CO;2-M
Bao-1997-Polymorphic-Markers-Debranching-Enzyme-Gene.pdf,https://doi.org/10.1136/jmg.34.1.34
Barranco-Gil-2026-Exercise-Intervention-Feasibility.pdf,https://doi.org/10.1113/EP092644
Baumgartner-2007-Biotinidase-Biomarker-Hepatic-GSD.pdf,https://doi.org/10.1007/s10545-007-0734-4
Baussan-1991-Biochemical-Diagnosis-Hepatic-Glycogen-Storage-Diseases-Years.pdf,https://doi.org/10.1016/0009-9120(91)90511-c
Ben-Ameur-2018-Lower-Intake-Severe-Outcome-Tunisia.pdf,https://doi.org/10.1515/jpem-2018-0151
Ben-David-1986-Neuromuscular-Involvement.pdf,https://doi.org/10.1111/j.1651-2227.1986.tb10201.x
Ben-Dridi-2012-W1327X-High-Frequency-Central-Tunisia.pdf,https://doi.org/10.1684/abc.2012.0766
Ben-Dridi-2016-Tunisia-Settlement-History-W1327X.pdf,https://doi.org/10.3109/19401736.2015.1007331
Berling-2021-Narrative-Review-Neuromuscular-Cardiac-Therapeutic.pdf,https://doi.org/10.1002/jimd.12355
Bernier-2008-Hyperlipidemia-Age-Metabolic-Control.pdf,https://doi.org/10.1007/s10545-008-0919-5
Biedron-2014-Polish-Twins-Epilepsy-GSDIIIb.pdf,https://doi.org/10.1177/1550059413500276
Bigot-2025-Liver-Transplantation-Case-Series.pdf,https://doi.org/10.1002/jmd2.12463
Bodamer-1997-Glucose-Turnover-Measurement-Methodology.pdf,https://doi.org/10.1007/pl00014269
Bodamer-1997-Leucine-Glucose-Kinetics-GSDIIIa.pdf,https://doi.org/10.1023/a:1005304809354
Boesel-1994-Hypotonic-Infant-Complete-Deficiencies-Acid.pdf,https://doi.org/10.1177/088307389400900122
Bolton-2012-Multidisciplinary-Obstetric-Management.pdf,https://doi.org/10.1016/j.ijoa.2011.09.004
Bouguila-2012-Tunisian-Founder-Mutation-c3216-3217delGA.pdf,https://doi.org/10.1111/j.1399-0004.2011.01806.x
Boyette-2010-Echocardiographic-Manifestations-Progression.pdf,https://doi.org/10.1097/GIM.0b013e3181e0e979
Brombacher-1964-Adult.pdf,https://doi.org/10.1111/j.0954-6820.1964.tb00934.x
Brown-1990-Immunoblot-Analyses-Debranching-Enzyme-Different.pdf,https://doi.org/10.1016/s0022-3476(05)81652-x
Brown-2018-Gys2-RNAi-Liver-Injury-Prevention.pdf,https://doi.org/10.1016/j.ymthe.2018.04.023
Burda-2015-Hepatic-Glycogen-Storage-Disorders-Recent-Advances-Review.pdf,https://doi.org/10.1097/MCO.0000000000000181
Burr-1982-Reversal-Debrancher-Deficiency-Myopathy-Use.pdf,https://doi.org/10.1002/ana.410110417
Campa-2020-Longest-Ketogenic-Diet-Follow-Up.pdf,https://doi.org/10.1016/j.dib.2020.106205
Canda-2024-Long-Term-High-Protein-High-Fat-Diet.pdf,https://doi.org/10.1002/jimd.12741
Cano-2023-French-National-Protocol-PNDS.pdf,https://doi.org/10.1186/s40001-023-01212-5
Caslake-2007-Serum-Lipid-Lipoprotein-Profile-GSD.pdf,https://doi.org/10.1007/s10545-007-0485-2
Chan-2004-DNA-based-Subtyping-Mutation-Haplotype-AGL.pdf,https://doi.org/10.1016/j.ymgme.2004.07.017
Chang-2014-Korean-AGL-Mutation-Analysis.pdf,https://doi.org/10.1038/jhg.2013.117
Chen-2002-Molecular-Characterization.pdf,https://doi.org/10.2174/1566524024605752
Chen-2007-Reply-Abnormal-Glycogen-Structure-Cirrhosis-HCC.pdf,https://doi.org/10.1016/j.jhep.2007.05.008
Chen-2014-Mouse-Model-GSD-III.pdf,https://doi.org/10.1016/j.ymgme.2014.02.005
Cheng-2007-AGL-Ubiquitination-Cori-Lafora.pdf,https://doi.org/10.1101/gad.1553207
Cheng-2009-Distinct-Missense-Mutations-Diverse-Cellular-Functions.pdf,https://doi.org/10.1093/hmg/ddp128
Chibisov-1976-Some-Cases.pdf,https://doi.org/10.1016/0009-8981(76)90250-3
Chowdhary-2007-Equine-AGL-Gene-Structure.pdf,https://doi.org/10.1016/j.gene.2007.07.034
Cimms-2024-Mixed-Methods-Burden-Of-Disease.pdf,https://doi.org/10.1177/20420188231224233
Claeys-2010-Multiparametric-NMR-Imaging-Spectroscopy.pdf,https://doi.org/10.1016/j.nmd.2010.06.011
Cochrane-2007-Nesiritide-Bridge-Multi-Organ-Transplant.pdf,https://doi.org/10.1016/j.transproceed.2006.10.018
Cohen-1979-Renal-Tubular-Acidosis-Associated-Glycogenosis.pdf,https://doi.org/10.1111/j.1651-2227.1979.tb18458.x
Cohn-1975-Amylo-1-Glucosidase-Deficiency-Glycogenosis-Faroe.pdf,https://doi.org/10.1159/000152716
Coker-2009-Antioxidative-Defense-hsCRP-Pilot.pdf,https://doi.org/10.1016/j.numecd.2008.09.005
Colao-2016-Reduced-Bone-Mineral-Density.pdf,https://doi.org/10.1016/j.bone.2016.02.012
Colao-2024-Endocrine-Involvement-Hepatic-GSD-Review.pdf,https://doi.org/10.1007/s11154-024-09880-2
Constantine-1998-Successful-Pregnancy-Cornstarch-Supplements.pdf,https://doi.org/10.1111/j.1471-0528.1998.tb10186.x
Cornelio-1985-Myopathies-Due-To-Enzyme-Deficiencies-Review.pdf,https://doi.org/10.1007/BF00313831
Crabtree-2004-Bone-Mineral-Density-Markers-Bone.pdf,https://doi.org/10.1023/B:BOLI.0000016632.13234.56
Dagli-2009-Reversal-Cardiomyopathy-Diet-Modification.pdf,https://doi.org/10.1007/s10545-009-1088-x
Dawson-1996-AGL-Gene-Structure.pdf,https://doi.org/10.1006/geno.1996.0611
De-Araujo-2026-Brazil-Multicenter-Hepatic-GSD-Study.pdf,https://doi.org/10.1002/ajmg.a.70115
Demo-2007-GSDIII-Hepatocellular-Carcinoma.pdf,https://doi.org/10.1016/j.jhep.2006.09.022
Di-SantAgnese-1959-Generalized-Glycogenosis-Cardiac-Type.pdf,https://doi.org/10.1111/j.1749-6632.1959.tb44172.x
Dinari-1987-Transient-Acute-Cortical-Blindness-Associated.pdf,https://doi.org/10.1016/0887-8994(87)90086-5
Djordjevic-2018-Serbian-GSD-I-Cohort-Reclassification.pdf,https://doi.org/10.1111/cge.13093
Donner-2010-Metabolic-Liver-Disorders-Review-Part2.pdf,https://doi.org/10.1055/s-0030-1269424
Drake-2012-Bulbar-Muscle-Weakness-Lingual-Infiltration.pdf,https://doi.org/10.1016/j.ymgme.2012.09.025
Du-2026-High-Protein-Diet-Cardiac-AGL-Knockout.pdf,https://doi.org/10.1002/jimd.70237
Dunger-1982-Growth-Endocrine-Changes-Hepatic-Glycogenoses.pdf,https://doi.org/10.1007/BF00441207
Dunger-1984-Patterns-Growth-Hepatic-Glycogenoses.pdf,https://doi.org/10.1136/adc.59.7.657
Durkie-2010-Irish-Population-Cohort.pdf,https://doi.org/10.1007/s10545-010-9096-4
El-Khateeb-2025-Jordanian-Genetic-Diagnosis.pdf,https://doi.org/10.1186/s13023-025-03982-z
Elpeleg-1999-Molecular-Background-Glycogen-Metabolism-Disorders.pdf,https://doi.org/10.1515/jpem.1999.12.3.363
Evans-2015-Founder-Mutations-Old-Meets-New-Commentary.pdf,https://doi.org/10.1503/cmaj.141509
Faed-1983-Amylo-1-Glucosidase-Activity-Cultured-Cells.pdf,https://doi.org/10.1002/pd.1970030104
Fahiminiya-2014-WES-Qatar-GSD9C-Misdiagnosis.pdf,https://doi.org/10.1111/cge.12280
Farah-2020-Autophagy-Glycogen-Storage-Perspectives.pdf,https://doi.org/10.1016/j.ymgme.2019.11.005
Fasolo-2024-CGM-Pregnancy-Case-Report.pdf,https://doi.org/10.1016/j.clnesp.2024.11.010
Faugere-1979-Type-III-Glycogenosis-Multicore-Structures.pdf,https://doi.org/10.1002/mus.880020207
Fellows-1983-Glycogenosis-Presenting-Liver-Adults-Atypical.pdf,https://doi.org/10.1136/jcp.36.4.431
Feng-2021-Novel-Homozygous-Splicing-Mutation-Severe-Myopathy.pdf,https://doi.org/10.1007/s10072-020-04883-8
Feng-2024-26-Cases-Genetic-Clinical-Characteristics.pdf,https://doi.org/10.3760/cma.j.cn501113-20240719-00336
Ferguson-1997-Hyperinsulinism-Reversed-Dietary-Manipulation.pdf,https://doi.org/10.1023/a:1005383831637
Field-1968-Studies-Limit-Dextrinosis-Genetic.pdf,https://doi.org/10.1016/s0022-3476(68)80311-7
Fischinger-2023-Cytokine-Profiling-Hepatic-GSD.pdf,https://doi.org/10.1016/j.cyto.2022.156088
Focardi-2020-Sudden-Cardiac-Death-Holter-ECG.pdf,https://doi.org/10.23736/S0026-4946.19.05496-3
Fournier-2016-Peripheral-Neuropathy-Absent.pdf,https://doi.org/10.1002/mus.24977
Franconi-2020-Plant-Expression-Recombinant-hGDE.pdf,https://doi.org/10.2174/0929866526666191014154047
Franconi-2024-Synthetic-Gene-Functional-hGDE.pdf,https://doi.org/10.2174/0109298665307430240628063339
Fyfe-2014-Rapamycin-Canine-Correction.pdf,https://doi.org/10.1007/s00109-014-1127-4
Garatun-Tjeldsto-1971-Kinetics-Amylo-Glucosidase-Erythrocytes.pdf,https://doi.org/10.3109/00365517109080218
Geramizadeh-2020-Massively-Parallel-Sequencing-Systematic-Review.pdf,https://doi.org/10.1186/s13023-020-01573-8
Gershen-2015-Skeletal-Muscle-Pathology-Case.pdf,https://doi.org/10.1016/j.jocn.2015.03.041
Gokcay-2009-Turkish-Cohort-R1147G-Isolated-Glucosidase-Deficiency.pdf,https://doi.org/10.1038/jhg.2009.100
Goudriaan-2012-Glc4-UPLC-MS-Assay-Validation.pdf,https://doi.org/10.1373/clinchem.2011.178319
Greene-1987-Cornstarch-Therapy-Type-III-GSD-Case.pdf,https://doi.org/10.1097/00005176-198707000-00024
Grigorescu-Sido-2016-Romanian-Nonsense-Mutation.pdf,https://doi.org/10.1155/2016/8154910
Grunert-2025-International-Survey-Management-Practices.pdf,https://doi.org/10.1016/j.ymgme.2025.109129
Habes-2019-Whole-Body-Muscle-MRI.pdf,https://doi.org/10.1002/mus.26483
Habes-2026-Gait-Analysis-French-Registry.pdf,https://doi.org/10.1007/s00415-026-13793-2
Hartmann-2014-Modified-Atkins-Diet-Myopathy.pdf,https://doi.org/10.1186/s13023-014-0196-3
Hashimoto-1998-Point-Mutation-Acceptor-Splice-Site.pdf,https://doi.org/10.1007/s004390050646
Hashimoto-1998-Rupture-Gastric-Varix-Liver-Cirrhosis.pdf,https://doi.org/10.1111/j.1440-1746.1998.tb00643.x
Hayasaka-2000-Heterogeneous-Mutations-Glycogen-debranching-Enzyme-Gene.pdf,https://doi.org/10.1007/s004390051017
Hayasaka-2001-Severe-Hypoglycaemia-Induced-Infectious-Mononucleosis.pdf,https://doi.org/10.1023/a:1013900526628
Hershkovitz-1995-RFLPs-Linkage-Families.pdf,https://doi.org/10.1007/BF00711768
Hershkovitz-1999-Blood-Lipids-Endothelial-Function.pdf,https://doi.org/10.1023/a:1005687323096
Hewson-2011-Recurrence-Quantification-Grip-Contractions.pdf,https://doi.org/10.1016/j.bspc.2010.10.001
Heyman-1985-Liver-Spleen-Scintigraphy-Glycogen-Storage-Disease.pdf,https://doi.org/10.1097/00003072-198512000-00002
Hindmarsh-1995-Glomerular-Tubular-Function.pdf,https://doi.org/10.1007/BF00868717
Hindmarsh-1995-Polycystic-Ovaries-Hepatic-GSD.pdf,https://doi.org/10.1111/j.1365-2265.1995.tb02686.x
Hismi-2022-High-Fat-Diet-Reverses-Cardiomyopathy.pdf,https://doi.org/10.1016/j.ymgmr.2022.100904
Hoeller-2015-Ketogenic-Diets-Inherited-Metabolic-Disorders-Review.pdf,https://doi.org/10.1007/s10545-015-9872-2
Howell-1984-Cardiac-Involvement-GSD-III-Endomyocardial-Biopsy.pdf,https://doi.org/10.1016/0002-9149(84)90551-4
Hsia-1970-Amylo-Glucosidase-Human-Fibroblasts.pdf,https://doi.org/10.1016/0006-291x(70)90576-0
Hu-2020-Chinese-Cohort-Genetic-Treatment-Monitoring.pdf,https://doi.org/10.1515/jpem-2019-0453
Hu-2025-Cardiac-MRI-Insidious-Progression.pdf,https://doi.org/10.1148/ryct.250025
Hubert-2016-GSDIII-Natural-History.pdf,https://doi.org/10.1007/s10545-016-9932-2
Iida-1965-Limit-Dextrinosis-Lowered-G6Pase.pdf,https://doi.org/10.1111/j.1442-200x.1965.tb01419.x
Inoue-1986-Accumulation-Sural-Nerve-Axons-Adult-onset.pdf,https://doi.org/10.1002/ana.410190313
Inui-1979-Insulin-Glucagon-Secretion-Hepatic-Glycogenoses.pdf,https://doi.org/10.1111/j.1651-2227.1979.tb18448.x
Ishige-Wada-2013-Liver-Cirrhosis-LDLT-Novel-Mutations.pdf,https://doi.org/10.1016/j.cca.2013.05.007
Ishihara-1986-Insular-Amyloid-Glycogenosis-Special-Reference.pdf,https://doi.org/10.3109/01913128609032222
Ismail-2009-Secondary-Diabetes-Insulin-Case.pdf,https://doi.org/10.4076/1757-1627-2-6891
Ito-2000-Mutations-Japanese-Cases-Review-Literature.pdf,https://doi.org/10.1023/a:1005695229464
Janse-1985-Debranching-Enzyme-Fibroblasts-Amniotic-Fluid.pdf,https://doi.org/10.1016/0009-8981(85)90326-2
Jardel-2013-Exercise-Intolerance-Weakness-Energy-Deficiency.pdf,https://doi.org/10.1016/j.ymgme.2013.02.008
Jehenson-1987-Phosphorus-NMR-Spectroscopy-Muscular-Enzyme.pdf,https://doi.org/10.1212/wnl.37.4.663
Jeneson-2021-Acute-Nutritional-Ketosis-Crossover-Trial.pdf,https://doi.org/10.1002/jimd.12302
Jinno-2000-Splice-Junction-Mutation-Japanese-GSDIIIa.pdf,https://doi.org/10.1023/a:1005632818722
Kachetel-2016-Cross-Sectional-Muscle-Function.pdf,https://doi.org/10.1016/j.nmd.2016.06.460
Kachetel-2017-Longitudinal-Muscle-Function.pdf,https://doi.org/10.1016/j.ymgme.2017.08.010
Kappes-Horn-2006-Polyglycosan-Body-Myopathy-Differential-Diagnosis.pdf,https://doi.org/10.1007/s00115-006-2184-x
Kasapkara-2020-Modified-Atkins-Diet-Beneficial.pdf,https://doi.org/10.1159/000509335
Keyhanian-2024-GSD-IX-Misdiagnosed-As-Hepatic-GSD.pdf,https://doi.org/10.1186/s13256-023-04295-0
Khelifa-2013-Novel-Intronic-Mutation-Tunisian-Family.pdf,https://doi.org/10.1007/s11033-013-2500-z
Kobayashi-1990-Purine-Degradation-Hyperthyroidism-GSDIII.pdf,https://doi.org/10.1002/mus.880130615
Koralla-2026-Pediatric-Case-Report-Molecular-Diagnosis.pdf,https://doi.org/10.4103/aam.aam_159_26
Korula-2020-Hepatic-Glycogenoses-Single-Center-Study.pdf,https://doi.org/10.1016/j.jceh.2019.07.007
Kotb-2004-Liver-Glycogenoses-Are-They-Possible.pdf,https://doi.org/10.1093/tropej/50.4.196
Kuipers-2007-Fatty-Acid-Oxidation-Hypothesis-Cirrhosis-HCC.pdf,https://doi.org/10.1016/j.jhep.2007.05.007
Kumlien-1989-Alpha-Limit-Dextrin-Oligosaccharide-Structures.pdf,https://doi.org/10.1016/0003-9861(89)90152-5
Kyle-2000-Gerty-Cori-Nobel-Laureate-Biography.pdf,https://doi.org/10.4065/75.8.820
Labrune-2003-Absence-Specific-Facial-Dysmorphy.pdf,https://doi.org/10.1097/01.mcd.0000052342.43310.35
Lachmann-2022-Aerobic-Capacity-Skeletal-Muscle-Characteristics.pdf,https://doi.org/10.1186/s13023-022-02184-1
Lafhal-2025-Novel-Nonsense-Mutation-Morocco.pdf,https://doi.org/10.1007/s11033-025-11345-x
Laforet-2015-Non-Ischaemic-Forearm-Exercise-Test.pdf,https://doi.org/10.1111/ene.12685
Lapidot-1989-Glucose-Recycling-Production-Glycogenosis-Type-I.pdf,https://doi.org/10.1152/ajpendo.1989.257.3.E346
Lapidot-1990-13C-Labelled-Precursors-Carbohydrate-Disorders.pdf,https://doi.org/10.1007/BF01799504
Lee-1995-Hepatic-Glycogen-Storage-Diseases-Beyond-Childhood.pdf,https://doi.org/10.1007/BF00710057
Lee-1999-Successful-Pregnancy-Cornstarch-Reply.pdf,https://doi.org/10.1111/j.1471-0528.1999.tb08224.x
Li-2014-Inherent-Lipid-Metabolic-Dysfunction-GSDIIIa.pdf,https://doi.org/10.1016/j.bbrc.2014.10.096
Liang-2023-Novel-AGL-Variants-Two-Families.pdf,https://doi.org/10.1155/2023/6679871
Lim-2020-AAV-Pullulanase-Gene-Therapy.pdf,https://doi.org/10.1016/j.omtm.2020.05.034
Liu-2000-Genotype-phenotype-Correlation-Frequent-Mutations-Mutation.pdf,https://doi.org/10.1006/mgme.1999.2953
Liu-2019-Uniparental-Isodisomy-AGL-SURF1.pdf,https://doi.org/10.1002/mgg3.945
Liu-2025-Recurrence-Myopathy-After-Transplant.pdf,https://doi.org/10.1016/j.transproceed.2025.02.005
Lucchiari-2002-Genetic-Variability-Seven-AGL-Gene.pdf,https://doi.org/10.1002/ajmg.10347
Lucchiari-2002-Molecular-Characterisation-Subjects-Identification-Six.pdf,https://doi.org/10.1002/humu.9093
Lundblad-1978-Glucose-containing-Oligosaccharides-Urine-II.pdf,https://doi.org/10.1111/j.1432-1033.1978.tb12098.x
Lundblad-1983-Urinary-Tetrasaccharide-Heterozygotes.pdf,https://doi.org/10.1016/s0140-6736(83)92122-0
Machado-2024-GlycoNOE-MRI-Mouse-Model.pdf,https://doi.org/10.1002/mrm.29923
Madelaine-2019-Muscle-Biopsy-Morphology-Autophagy.pdf,https://doi.org/10.1186/s40478-019-0815-2
Madsen-2015-Skeletal-Muscle-Metabolism-Exercise-Fructose.pdf,https://doi.org/10.1212/WNL.0000000000001518
Maghnie-1986-Difficult-hGH-Treatment.pdf,https://doi.org/10.1007/BF00441862
Mahoney-1984-Diagnosing-Managing-Type-I-Type-III-GSD.pdf,https://doi.org/10.1097/00005721-198409000-00008
Marfaing-Koka-2003-Hemostatic-Proteins-GSD-Ia.pdf,https://doi.org/10.1097/00005176-200311000-00011
Matern-1999-Liver-Transplantation-Types-I-IV.pdf,https://doi.org/10.1007/pl00014320
Mather-1994-Hepatic-Ultrasound-Findings-Diseases.pdf,https://doi.org/10.1259/0007-1285-67-803-1062
Mathieu-1986-Possible-Prenatal-Diagnosis-Glycogenosis.pdf,https://doi.org/10.1007/BF01813908
Matsubara-2020-Fluorogenic-Branched-Dextrin-GDE-Assay.pdf,https://doi.org/10.1007/s10719-020-09955-7
Matthews-1993-Cardiomyopathy.pdf,https://doi.org/10.1007/BF01744800
Meerman-1997-Associated-End-stage-Cirrhosis-Hepatocellular-Carcinoma.pdf,https://doi.org/10.1002/hep.510250307
Michot-2022-Cognitive-Impairment-Severe-Heart-Failure.pdf,https://doi.org/10.1016/j.neurol.2021.09.011
Miller-1979-Radiography-Diseases.pdf,https://doi.org/10.2214/ajr.132.3.379
Mishra-2024-Mitochondrial-Dysfunction-GSD-Review.pdf,https://doi.org/10.3390/biom14091096
Moe-1970-Genetic-Studies-Glycogen-Storage-Disease-Type-3.pdf,https://doi.org/10.1111/j.1651-2227.1970.tb16803.x
Moggio-2014-Agl-Knockout-Mouse-Model.pdf,https://doi.org/10.1016/j.bbadis.2014.07.029
Moggio-2018-Glucose-Free-High-Protein-Diet-Mice.pdf,https://doi.org/10.1016/j.bbadis.2018.07.031
Moggio-2019-Agl-Knockout-Bladder-Carcinogenesis.pdf,https://doi.org/10.1093/carcin/bgy139
Monteillet-2019-Gene-Therapy-Challenges-GSD-I-III.pdf,https://doi.org/10.1089/hum.2019.102
Moses-1989-Cardiac-Involvement.pdf,https://doi.org/10.1007/BF00443106
Moses-1990-Long-term-Outcome-Diseases.pdf,https://doi.org/10.1007/BF01799498
Murase-1999-First-Causative-Missense-Mutation-G1448R.pdf,https://doi.org/10.1002/(SICI)1098-1004(199912)14:6<542::AID-HUMU15>3.0.CO;2-0
Murase-2000-Compound-Heterozygous-Identification-AGL-Mutations.pdf,https://doi.org/10.1002/1096-8628(20000731)93:3<211::AID-AJMG10>3.0.CO;2-Z
Nadjari-1989-Hepatomegaly-In-Utero-Type-III-Glycogenosis.pdf,https://doi.org/10.1111/j.1651-2227.1989.tb11182.x
Nakanishi-2000-Diabetes-Mellitus-Secondary.pdf,https://doi.org/10.1046/j.1464-5491.2000.00378.x
Nikeghbalian-2022-Liver-Transplantation-Iran.pdf,https://doi.org/10.1186/s13023-022-02284-y
Nonaka-2001-Exon-11-Skipping-Mutation-GSDIIId-Fatal.pdf,https://doi.org/10.1023/a:1012459625902
Novelli-2019-Uniparental-Isodisomy-Growth-Retardation.pdf,https://doi.org/10.1002/mgg3.634
Oguro-2002-Costello-Syndrome.pdf,https://doi.org/10.1136/jmg.39.2.e8
Ojeda-2005-GSD-III-Hepatocellular-Carcinoma-Spanish-Case.pdf,https://doi.org/10.1016/s0210-5705(05)71526-0
Okubo-1996-Donor-Splice-Site-Mutation-Debranching.pdf,https://doi.org/10.1006/bbrc.1996.1235
Olarte-1979-Debrancher-Deficiency-Neuromuscular-Disorder-Five-Adults.pdf,https://doi.org/10.1002/ana.410050504
Onal-2020-Turkish-Novel-Variants.pdf,https://doi.org/10.1111/ped.14286
Onenli-Mungan-2025-132-Patient-Hepatic-Glycogenosis-Cohort.pdf,https://doi.org/10.1186/s13023-025-03783-4
Ozand-2003-Simple-Rapid-Test-Differential-Diagnosis.pdf,https://doi.org/10.1016/s0009-8981(03)00234-1
Ozen-2007-Glycogen-Storage-Diseases-New-Perspectives.pdf,https://doi.org/10.3748/wjg.v13.i18.2541
Pact-1986-Ischemic-Exercise-Test-Normal-Adults.pdf,https://doi.org/10.1002/mus.880090305
Paschall-2021-Physical-Therapy-Whole-Body-MRI-Children.pdf,https://doi.org/10.1016/j.ymgme.2021.10.002
Petit-2018-Iranian-Cohort-Novel-Mutations.pdf,https://doi.org/10.1097/CND.0000000000000212
Pfeiffenberger-2024-Myopathy-Exacerbation-After-Transplant.pdf,https://doi.org/10.1016/j.transproceed.2024.02.020
Polychronakos-2015-Inuit-Nunavik-Whole-Exome-Founder-Mutation.pdf,https://doi.org/10.1503/cmaj.140840
Porter-1977-Portacaval-Shunt-Glycogen-Storage-Disease.pdf,https://doi.org/10.1002/9780470720363.ch16
Puzzo-2018-Liver-Muscle-Targeted-Gene-Transfer.pdf,https://doi.org/10.1016/j.ymthe.2017.12.019
Quackenbush-2018-Double-Heterozygosity-GSD-Ia-III.pdf,https://doi.org/10.1515/jpem-2017-0209
Radwan-2025-Egyptian-Monogenic-Liver-Disease-Map.pdf,https://doi.org/10.1007/s00439-025-02776-4
Ramachandran-2012-Pregnancy-Management-Single-Centre.pdf,https://doi.org/10.1007/s10545-011-9384-7
Ranganath-2017-GSD-VI-PYGL-Misdiagnosis.pdf,https://doi.org/10.1007/s13312-017-1174-3
Rhead-1983-Intraoral-Nighttime-Feeding-Attachment.pdf,https://doi.org/10.1016/0022-3913(83)90397-9
Rigoldi-2020-Dietary-Lipids-Systematic-Study.pdf,https://doi.org/10.1002/jimd.12224
Riva-2015-Lens-Opacities-GSD-I-III.pdf,https://doi.org/10.1016/j.jcjo.2015.08.008
Rodd-2005-Inuit-Children.pdf,https://doi.org/10.1503/cmaj.1031589
Roig-1990-Skin-Biopsy-Findings-Glycogenosis-Biochemical.pdf,https://doi.org/10.1002/ana.410270505
Rossi-2025-CGM-Consensus-Statement.pdf,https://doi.org/10.1002/jimd.70040
Rossiaud-2023-Three-iPSC-Lines-Generation.pdf,https://doi.org/10.1016/j.scr.2023.103214
Sanders-1984-Teenager-Hepatic-Filling-Defect.pdf,https://doi.org/10.1080/21548331.1984.11702869
Sassi-2019-Neuromuscular-Natural-History-Tunisia.pdf,https://doi.org/10.1055/s-0038-1669786
Schaub-1975-Incidence-GSD-German-Federal-Republic.pdf,https://doi.org/10.1007/BF00445157
Schrijver-2007-Ashkenazi-Carrier-Screening-Array.pdf,https://doi.org/10.2353/jmoldx.2007.060100
Simonsen-2001-Molecular-Genetic-Basis-Prevalence-Faroe.pdf,https://doi.org/10.1038/sj.ejhg.5200632
Singer-1984-Varieties-Neuromuscular-Debrancher-Deficiency.pdf,https://doi.org/10.1001/archneur.1984.04050210025008
Sival-2016-Muscle-Ultrasound-GSD-I-III.pdf,https://doi.org/10.1016/j.ultrasmedbio.2015.08.013
Slonim-1983-Amino-Acid-Disturbances-Glycogenosis-Differences.pdf,https://doi.org/10.1016/0026-0495(83)90159-2
Slonim-1984-Myopathy-Growth-Failure-Debrancher-Enzyme.pdf,https://doi.org/10.1016/s0022-3476(84)80075-x
Smit-2015-Dietary-Management-Evidence-Review.pdf,https://doi.org/10.1007/s10545-014-9756-x
Song-2017-Novel-Splice-Mutation-Siblings.pdf,https://doi.org/10.3760/cma.j.issn.1003-9406.2017.04.007
Sozmen-2010-Trace-Elements-Antioxidative-Status.pdf,https://doi.org/10.1016/j.jtemb.2009.10.004
Strande-1976-Glycogenosis-In-The-Dog-Clinical-Pathological.pdf,https://doi.org/10.1186/BF03547928
Strande-1976-Glycogenosis-Type-III-Dog-Enzyme-Studies.pdf,https://doi.org/10.1186/BF03547929
Sujatha-2010-Prenatal-Diagnosis-Indian-Family.pdf,https://doi.org/10.1007/s13312-010-0051-0
Sun-2012-Canine-Model-Characterization.pdf,https://doi.org/10.1242/dmm.009712
Sun-2015-Preclinical-Therapy-Development-Review.pdf,https://doi.org/10.2174/1566523215666150630132253
Sun-2019-Gene-Therapy-GSD-Review.pdf,https://doi.org/10.1093/hmg/ddz133
Sun-2021-Usher-Syndrome-Uniparental-Isodisomy.pdf,https://doi.org/10.1002/mgg3.1779
Sun-2025-Long-Term-Dual-Promoter-Gene-Therapy.pdf,https://doi.org/10.1155/acg2/4639392
Sun-2025-MyoAAV-Capsids-Skeletal-Muscle-Correction.pdf,https://doi.org/10.1016/j.omtm.2025.101567
Sweetat-2024-GHF-201-Autophagic-Activator.pdf,https://doi.org/10.3390/biom14080893
Tchan-2022-Pregnancy-Cesarean-Section-Management.pdf,https://doi.org/10.1002/jmd2.12282
Thaler-1999-Different-Aspects-Debrancher-Deficiency-Myopathy.pdf,https://doi.org/10.1136/jnnp.67.3.364
Tobias-2002-Perioperative-Management-Child-Undergoing-Cardiopulmonary.pdf,https://doi.org/10.1046/j.1460-9592.2002.00942.x
Tokatli-1967-Combined-Debrancher-G6Pase-Deficiency-Myopathy.pdf,https://doi.org/10.1016/s0022-3476(67)80077-5
Trioche-1997-Hepatocellular-Adenomas-GSD-I-III.pdf,https://doi.org/10.1097/00005176-199703000-00008
Tylki-Szymanska-2020-Over-20-Year-Follow-Up-Hepatic-GSD.pdf,https://doi.org/10.3390/diagnostics10050297
Ucar-2015-Western-Turkey-AGL-Mutation-Spectrum.pdf,https://doi.org/10.1016/j.cca.2014.10.016
Uno-2024-Essential-Dextrin-Donor-Substrate-Structure.pdf,https://doi.org/10.1093/jb/mvae030
Vahabi-2023-Celiac-Disease-GSD-III-Comorbidity.pdf,https://doi.org/10.1002/ccr3.7804
Van-Creveld-1968-Debranching-Enzyme-Leucocytes-Genetic-Study.pdf,https://doi.org/10.1159/000152128
Van-Teeffelen-Heithoff-1988-Glycogen-Storage-Type-I-Type-III-Pyruvate-Carboxylase-Deficiency.pdf,https://doi.org/10.1111/j.1651-2227.1988.tb10695.x
Van-Wittenberghe-2026-Lysosomal-Glycogen-Liver-Tumorigenesis.pdf,https://doi.org/10.1016/j.jhepr.2025.101702
Vangala-2026-Beaver-Tail-Hepatomegaly-Case-Report.pdf,https://doi.org/10.7860/JCDR/2026/86063.23960
Vasudevan-2025-Pregnancy-Compound-Heterozygous-Variant.pdf,https://doi.org/10.1002/jmd2.70030
Venema-2024-CGM-Metrics-Liver-GSD-Ketotic-Hypoglycemia.pdf,https://doi.org/10.1016/j.ymgme.2024.108573
Veyckemans-2010-Perioperative-Management-Metabolic-Disease-Child.pdf,https://doi.org/10.1016/S0929-693X(10)70193-7
Vincentiis-2004-Polymicrogyria-Glycogenosis-Incidental-Finding.pdf,https://doi.org/10.1016/j.pediatrneurol.2004.02.012
Waaler-1972-GSD-III-And-Diabetes-Mellitus.pdf,https://doi.org/10.1111/j.1651-2227.1972.tb15869.x
Walter-2000-Inborn-Errors-Metabolism-Pregnancy.pdf,https://doi.org/10.1023/a:1005679928521
Walvoort-1983-Diseases-Animals-Their-Potential-Value.pdf,https://doi.org/10.1007/BF02391186
Wang-2007-Living-Donor-Liver-Transplantation-GSD.pdf,https://doi.org/10.1002/lt.21151
Weinstein-2008-Liver-Transplantation-GSD.pdf,https://doi.org/10.1111/j.1399-3046.2007.00803.x
Wemeau-2012-Adult-Hypoglycemia-Inherited-Metabolic-Disease-Review.pdf,https://doi.org/10.1186/1750-1172-7-26
Wick-1990-In-Vivo-13C-NMR-Glycogen-Quantification.pdf,https://doi.org/10.1002/mrm.1910160114
Willeit-1999-Reversible-Severe-Myopathy-Respiratory-Muscles.pdf,https://doi.org/10.1016/s0960-8966(99)00038-3
Winterer-1985-Myopathy-Debrancher-Enzyme-Deficiency.pdf,https://doi.org/10.1016/s0022-3476(85)80161-x
Wolf-1992-Debranching-Enzyme-Deficiency-Long-term-Serum.pdf,https://doi.org/10.1007/BF01800225
Wolf-1992-GSDIII-Biochemical-Myopathy-Cardiomyopathy.pdf,https://doi.org/10.7326/0003-4819-116-11-896
Wolff-1985-Peripheral-Nerve-Glycogenosis-Selective-Involvement.pdf,https://doi.org/10.1002/mus.880080808
Wolfsdorf-1999-Diseases-Phenotypic-Genetic-Biochemical-Characteristics.pdf,https://doi.org/10.1016/s0889-8529(05)70103-1
Wraith-2002-Facial-Appearance.pdf,https://doi.org/10.1097/00019605-200204000-00008
Wu-1996-Expression-Catalytically-Active-Human-Multifunctional.pdf,https://doi.org/10.1080/15216549600201841
Wu-2025-Growth-Impairment-GSD-I-vs-III-VI-IX.pdf,https://doi.org/10.1186/s12887-025-06053-1
Xie-2021-Compound-Heterozygous-AGL-Variants-Two-Cases.pdf,https://doi.org/10.3760/cma.j.cn511374-20200803-00578
Yang-1991-Adult-Mild-But-Complete-Absence.pdf,https://doi.org/10.1016/0960-8966(91)90021-j
Yedwab-1984-Pregnancy-Amylo-Glucosidase-Deficiency.pdf,https://doi.org/10.1111/j.1471-0528.1984.tb04790.x
Yetman-2002-Circadian-Pattern-Blood-Pressure-Heart.pdf,https://doi.org/10.1081/cbi-120006081
Yi-2026-MyoAAV4A-Aged-Mice-Long-Term-Correction.pdf,https://doi.org/10.1016/j.omta.2026.201800
Yosovich-2021-Pure-Adult-Onset-Myopathy.pdf,https://doi.org/10.1097/CND.0000000000000339
Young-2021-Glc4-Diurnal-Variability.pdf,https://doi.org/10.1002/jmd2.12181
Zardo-2026-Cardiopulmonary-Exhaustive-Exercise.pdf,https://doi.org/10.14814/phy2.70771
Zeman-2018-ApoC-III-Aberrant-Glycosylation.pdf,https://doi.org/10.1016/j.metabol.2018.01.004
Zeybek-2015-Fabry-Suspected-GSDIII-Confirmed-Diagnostic-Ambiguity.pdf,https://doi.org/10.1136/bcr-2014-208150
Zhang-2015-Family-AGL-Mutation-Optic-Neuritis.pdf,https://doi.org/10.3760/cma.j.issn.1003-9406.2015.04.011
Zhang-2018-Four-Patients-China-Genetic-Clinical.pdf,https://doi.org/10.1186/s12881-018-0560-6
Zhang-2025-Modified-Atkins-Diet-Treatment.pdf,https://doi.org/10.3760/cma.j.cn112140-20241209-00898
Zhao-2025-Guillain-Barre-Syndrome-Case-Report.pdf,https://doi.org/10.3760/cma.j.cn511374-20250115-00034
Zhi-2022-Biallelic-Novel-Variants-Chinese-Patient.pdf,https://doi.org/10.1186/s12887-022-03252-y
Zhi-2025-Demyelinating-Electrophysiological-Features.pdf,https://doi.org/10.1515/med-2025-1172
Alaejos-Fuentes-1997-Central-Motor-Conduction-Distal-Weakness.pdf,https://pubmed.ncbi.nlm.nih.gov/9235100/
Antillon-Klussmann-1991-Nutritional-Management-New-Aspects.pdf,https://pubmed.ncbi.nlm.nih.gov/1741583/
Arias-1992-Hepatic-Glycogenosis-Pediatric-Clinical-Biochemical.pdf,https://pubmed.ncbi.nlm.nih.gov/1340824/
Ayub-1991-Diet-Therapy-Severe-Expression-Debrancher.pdf,https://pubmed.ncbi.nlm.nih.gov/1844114/
Baccetti-1994-Dental-Craniofacial-Findings-Child-Affected.pdf,https://pubmed.ncbi.nlm.nih.gov/7865425/
Brown-1978-Apparent-Activity-Vivo-Lysosomal-Pathway.pdf,https://pubmed.ncbi.nlm.nih.gov/353046/
Calcado-1991-Serum-ECM-Markers-Metabolic-Control-Hepatic-Pathology.pdf,https://pubmed.ncbi.nlm.nih.gov/1919939/
Chamlian-1984-Hepatic-Glycogen-Conformation-Chemical-Study.pdf,https://pubmed.ncbi.nlm.nih.gov/6585274/
Chayoth-1967-Debrancher-Enzyme-Activity-Blood-Cells.pdf,https://pubmed.ncbi.nlm.nih.gov/5317552/
Chen-1999-IVS32-Splice-Site-No-Exon3-GSDIIIb.pdf,https://pubmed.ncbi.nlm.nih.gov/10071203/
Chibisov-1975-Liver-Tissue-Glycogen-Metabolism-Study.pdf,https://pubmed.ncbi.nlm.nih.gov/166513/
Chibisov-1982-Hyperlipoproteinemia-Glycogenosis-Treatment.pdf,https://pubmed.ncbi.nlm.nih.gov/6951139/
Chistova-1988-Hepatic-Form-Glycogenosis-Children.pdf,https://pubmed.ncbi.nlm.nih.gov/3163143/
Cholnoky-1970-Laboratory-Diagnosis-Limit-Dextrinosis.pdf,https://pubmed.ncbi.nlm.nih.gov/5271639/
Clement-1964-Insulin-Hypersensitivity-Hypoglycemia.pdf,https://pubmed.ncbi.nlm.nih.gov/14117401/
Comi-2007-Italian-GSDIII-Cohort-Clinical-Molecular-Review.pdf,https://pubmed.ncbi.nlm.nih.gov/17915576/
De-Parscau-1986-Continuous-Nocturnal-Intragastric-Feeding-Glycogenosis.pdf,https://pubmed.ncbi.nlm.nih.gov/3095784/
Ding-1990-Definitive-Prenatal-Diagnosis.pdf,https://pubmed.ncbi.nlm.nih.gov/2220811/
El-Karaksy-2015-Skeletal-Cardiac-Muscle-Involvement-Children.pdf,https://pubmed.ncbi.nlm.nih.gov/25948107/
El-Raziky-2014-Egyptian-Children-Clinico-Laboratory.pdf,https://pubmed.ncbi.nlm.nih.gov/25097048/
Emeksiz-2007-Endothelial-Dysfunction-Intima-Media-Thickness.pdf,https://pubmed.ncbi.nlm.nih.gov/17907509/
Endo-2010-Turkish-AGL-Mutation.pdf,https://pubmed.ncbi.nlm.nih.gov/20158661/
Enghild-1992-AGL-cDNA-Cloning.pdf,https://pubmed.ncbi.nlm.nih.gov/1374391/
Fateen-2011-Recurrent-Mutation-c750-753delAGAC.pdf,https://pubmed.ncbi.nlm.nih.gov/21321962/
Fortunato-1999-Novel-Donor-Splice-Mutations-GSDIIIa.pdf,https://pubmed.ncbi.nlm.nih.gov/10472540/
Gautier-1978-Myocardiopathies-Glycogenosis-Cohort.pdf,https://pubmed.ncbi.nlm.nih.gov/149522/
Guo-2009-Clinical-Pathological-Features-China.pdf,https://pubmed.ncbi.nlm.nih.gov/19595259/
Hahn-Barma-2015-Cognitive-Profile-Seven-Cases.pdf,https://pubmed.ncbi.nlm.nih.gov/25388549/
Hattori-1995-Distal-Myopathy-GSD-III-Differential.pdf,https://pubmed.ncbi.nlm.nih.gov/7786629/
He-1987-Debranching-Enzyme-Purification-Antibody-Characterization.pdf,https://pubmed.ncbi.nlm.nih.gov/2961257/
Hennion-1989-Determination-Blood-Level-Muscle-Enzymes.pdf,https://pubmed.ncbi.nlm.nih.gov/2742313/
Hernandez-Pando-1983-Amylo-Glucosidase-Deficiency-Functional-Histologic.pdf,https://pubmed.ncbi.nlm.nih.gov/6578799/
Hershkovitz-1998-Two-New-AGL-Mutations-Ashkenazi.pdf,https://pubmed.ncbi.nlm.nih.gov/9584265/
Hillman-2008-Non-Ketotic-Hypoglycemia-Mutation-Analysis.pdf,https://pubmed.ncbi.nlm.nih.gov/18717245/
Huang-2005-Mutation-Debrancher-Enzyme-Gene-Five.pdf,https://pubmed.ncbi.nlm.nih.gov/15833157/
Janick-1983-Diet-Growth-Children-GSD-I-III.pdf,https://pubmed.ncbi.nlm.nih.gov/6409953/
Joensen-2006-Faroe-Islands-Metabolic-Diseases-Survey.pdf,https://pubmed.ncbi.nlm.nih.gov/16494802/
John-2026-StatPearls-GSD-Classification.pdf,https://pubmed.ncbi.nlm.nih.gov/29083788/
Kapoor-1994-GSD-III-Hepatic-Case.pdf,https://pubmed.ncbi.nlm.nih.gov/7875798/
Kasturi-2000-GSD-III-Hepatic-Case.pdf,https://pubmed.ncbi.nlm.nih.gov/10869153/
Kazlas-1991-Amylo-Glucosidase-Chorion-Biopsy-Prenatal.pdf,https://pubmed.ncbi.nlm.nih.gov/1715938/
Khubald-1987-Metabolic-Adaptation-Fasting-Glycogenosis-III-IV.pdf,https://pubmed.ncbi.nlm.nih.gov/3478649/
Kobayashi-1992-Myocardial-Fibrosis-Cardiac-Failure-Case.pdf,https://pubmed.ncbi.nlm.nih.gov/1619340/
Labarbera-2010-Premature-Coronary-Artery-Disease.pdf,https://pubmed.ncbi.nlm.nih.gov/20679683/
Ladero-Quesada-1994-GSDIII-Crohn-Amyloidosis-Coincidence.pdf,https://pubmed.ncbi.nlm.nih.gov/7734666/
Lee-2008-Bone-Density-Mixed-Muscle-Bone-Deficit.pdf,https://pubmed.ncbi.nlm.nih.gov/18392743/
Leontev-1978-Serum-Lipoproteins-Generalized-GSDIII.pdf,https://pubmed.ncbi.nlm.nih.gov/210590/
Lerner-1997-AGL-4455delT-North-African-Jewish.pdf,https://pubmed.ncbi.nlm.nih.gov/9412782/
Limbeck-1965-Double-Barrel-Glucagon-Test.pdf,https://pubmed.ncbi.nlm.nih.gov/14237418/
Lu-2009-Debranching-Enzyme-Activity-Chinese-Diagnostic-Method.pdf,https://pubmed.ncbi.nlm.nih.gov/19951495/
Manta-2009-Diabetes-Mellitus-Associated.pdf,https://pubmed.ncbi.nlm.nih.gov/19334047/
Markowitz-1993-Cirrhosis-Portal-Hypertension-Case.pdf,https://pubmed.ncbi.nlm.nih.gov/8253364/
Martinez-Matos-1987-Forbes-Cori-Disease-Reversible-Worsening.pdf,https://pubmed.ncbi.nlm.nih.gov/3078946/
Maruyama-1984-Neuromuscular-Disorders-Cori-Forbes-Disease.pdf,https://pubmed.ncbi.nlm.nih.gov/6592067/
Mcconkie-Rosell-1998-Prenatal-Diagnosis-DNA-Markers.pdf,https://pubmed.ncbi.nlm.nih.gov/9483641/
Medina-Benitez-1998-Corn-Starch-Treatment-Glycogenosis-I.pdf,https://pubmed.ncbi.nlm.nih.gov/9830843/
Miadi-Messaoud-2011-Fluorimetric-Leukocyte-Assay.pdf,https://pubmed.ncbi.nlm.nih.gov/21463994/
Miyaji-1980-Erythrocyte-Glycogen-Determination-Method.pdf,https://pubmed.ncbi.nlm.nih.gov/6936567/
Mochizuki-1977-Glycogen-Storage-Disease-Dogs-Uncertain-Subtype.pdf,https://pubmed.ncbi.nlm.nih.gov/267585/
Mol-2013-Netherlands-AGL-Mutation-Analysis.pdf,https://pubmed.ncbi.nlm.nih.gov/23430490/
Moulick-2004-Hepatocellular-Failure.pdf,https://pubmed.ncbi.nlm.nih.gov/15656054/
Murase-1988-31P-NMR-Case-Type-III-Glycogenosis.pdf,https://pubmed.ncbi.nlm.nih.gov/3214982/
Nagamatsu-1983-Glycogenosis-III-Peripheral-Nerve-Muscular-Hypertrophy.pdf,https://pubmed.ncbi.nlm.nih.gov/6317246/
Odievre-1988-Treatment-Recommendations-Workshop.pdf,https://pubmed.ncbi.nlm.nih.gov/3292244/
Odievre-1991-Cardiomyopathy-18-Patients-Echographic.pdf,https://pubmed.ncbi.nlm.nih.gov/1876514/
Oehme-1991-Gerty-Theresa-Cori-Biography.pdf,https://pubmed.ncbi.nlm.nih.gov/1931676/
Okamoto-1986-Adult-Type-III-Glycogenosis-Lobulated-Fibers.pdf,https://pubmed.ncbi.nlm.nih.gov/3467884/
Owada-1998-Glycogen-Debranching-Enzyme-Deficiency-Review.pdf,https://pubmed.ncbi.nlm.nih.gov/9589983/
Palcoux-1979-Glycogenosis-Type-III-Myocardiopathy.pdf,https://pubmed.ncbi.nlm.nih.gov/158352/
Pan-2013-AGL-Gene-Pedigree-Novel-Mutation.pdf,https://pubmed.ncbi.nlm.nih.gov/24495762/
Parini-2003-Five-Novel-AGL-Mutations.pdf,https://pubmed.ncbi.nlm.nih.gov/12955720/
Parini-2014-High-Fat-Diet-Two-Siblings-Cardiomyopathy.pdf,https://pubmed.ncbi.nlm.nih.gov/25308556/
Paris-1977-Hepatic-Glycogenosis-3-Case-Report.pdf,https://pubmed.ncbi.nlm.nih.gov/270604/
Pena-1961-Limit-Dextrinosis-Case-Report.pdf,https://pubmed.ncbi.nlm.nih.gov/14485050/
Pieniazek-1983-Debranching-Enzyme-Leukocytes-Erythrocyte-Glycogen.pdf,https://pubmed.ncbi.nlm.nih.gov/6226925/
Popova-1976-Liver-Metabolism-Glycogenosis.pdf,https://pubmed.ncbi.nlm.nih.gov/1069400/
Revenkova-1975-Infantile-Glycogenosis-Case.pdf,https://pubmed.ncbi.nlm.nih.gov/1056587/
Roe-1994-Glycogen-Storage-Disease-Adults-Multicenter.pdf,https://pubmed.ncbi.nlm.nih.gov/8273986/
Rozenberg-1980-Forbes-Disease.pdf,https://pubmed.ncbi.nlm.nih.gov/6932136/
Saha-1991-GSD-III-Case-Report.pdf,https://pubmed.ncbi.nlm.nih.gov/1802843/
Sampieri-1997-Obstructive-Hypertrophic-Cardiomyopathy-Glycogen-storage.pdf,https://pubmed.ncbi.nlm.nih.gov/9187419/
Sanna-1972-Hepatic-Glycogenosis-Cori-Disease-Signs.pdf,https://pubmed.ncbi.nlm.nih.gov/4341584/
Sawicka-1988-Ultrastructural-Muscle-Fiber-Splitting.pdf,https://pubmed.ncbi.nlm.nih.gov/3247215/
Schreuder-GeneReviews-GSD-III-Clinical-Management.pdf,https://pubmed.ncbi.nlm.nih.gov/20301788/
Slonim-1993-Nutrition-Therapy-Hepatic-GSD.pdf,https://pubmed.ncbi.nlm.nih.gov/8245377/
Slonim-2011-Pulmonary-Hypertension-Two-Cases.pdf,https://pubmed.ncbi.nlm.nih.gov/23430832/
Sun-2016-Canine-Natural-Progression-Glc4.pdf,https://pubmed.ncbi.nlm.nih.gov/26884409/
Takemura-1983-Adult-Onset-Type-III-Glycogenosis-Case.pdf,https://pubmed.ncbi.nlm.nih.gov/6420103/
Taricco-Lavin-1965-Forbes-Disease-Triiodothyronine-Trial.pdf,https://pubmed.ncbi.nlm.nih.gov/5219864/
Tausenfreund-1989-First-Trimester-Diagnosis-GSD-II-III.pdf,https://pubmed.ncbi.nlm.nih.gov/2512428/
Tresso-2019-Modified-Atkins-Diet-Case.pdf,https://pubmed.ncbi.nlm.nih.gov/31309177/
Tsujino-2001-Glycogen-Debranching-Enzyme-Deficiency-Review.pdf,https://pubmed.ncbi.nlm.nih.gov/11596370/
Tsurui-1996-Nine-Cases-Muscle-Weakness-Clinicobiochemical.pdf,https://pubmed.ncbi.nlm.nih.gov/8810846/
Veneselli-1991-Electromyographic-Aspects-Metabolic-Myopathies.pdf,https://pubmed.ncbi.nlm.nih.gov/1870503/
Vuust-1970-Forbes-Disease-Glycogenosis-Type-3.pdf,https://pubmed.ncbi.nlm.nih.gov/5271188/
Watanabe-1986-31P-NMR-Spectroscopy-Myopathies-Whole-Body-MR.pdf,https://pubmed.ncbi.nlm.nih.gov/3025940/
Wechsler-2012-Cardiac-Pathology-Three-Patients.pdf,https://pubmed.ncbi.nlm.nih.gov/23430941/
Wolfsdorf-2003-Glycogen-Storage-Diseases-Puberty-Liver.pdf,https://pubmed.ncbi.nlm.nih.gov/12618563/
Xu-2018-CRISPR-GDE-Heterozygous-ESC-Line.pdf,https://pubmed.ncbi.nlm.nih.gov/29310060/
Yamanaka-1992-Muscle-Involvement-19-Japanese-Patients.pdf,https://pubmed.ncbi.nlm.nih.gov/1632441/
Yamasaki-2003-Secondary-Hyperuricemia-GSD-Types.pdf,https://pubmed.ncbi.nlm.nih.gov/12629737/
Yang-Feng-1992-AGL-Chromosome-1p21-Assignment.pdf,https://pubmed.ncbi.nlm.nih.gov/1505983/
Yeste-2010-Hypoketosis-Case.pdf,https://pubmed.ncbi.nlm.nih.gov/21073127/
Yudkoff-1984-Glycine-Kinetics-Glucose-Infusion.pdf,https://pubmed.ncbi.nlm.nih.gov/6582249/
Zeharia-2014-Israeli-GSD-III-Cohort.pdf,https://pubmed.ncbi.nlm.nih.gov/24716397/
Zobeiri-2017-Liver-Transplant-Myopathic-Patient.pdf,https://pubmed.ncbi.nlm.nih.gov/29321839/
